"sws.ol1","hapc.ol1","sws.ol2","hapc.ol2","sws.s","hapc.s","sws.d","hapc.d","simnumber"
0.543010752688172,0.580645161290323,0.876344086021505,0.741935483870968,0.865591397849462,0.725806451612903,-0.0462025658048008,-0.0119935501749501,1
0.225806451612903,0.424731182795699,0.505376344086022,0.78494623655914,0.693548387096774,0.736559139784946,-0.0534141859113168,-0.0126055532712659,2
