"p.blocks","c.blocks","p.type","c.type","p.autocorr","c.autocorr","r2","ol","brkprop","nbreaks","rrmse","srmse","p.miss","c.miss"
3,3,"ar1","ar1",0.2,0.2,0.1,0.919354838709677,NA,NA,83.9584314594566,84.0898930146493,0.186046511627907,0.194174757281553
3,3,"ar1","ar1",0.2,0.2,0.1,0.919354838709677,NA,NA,83.9584314594566,84.0898930146493,0.186046511627907,0.194174757281553
