"sws.ol1","hapc.ol1","sws.ol2","hapc.ol2","sws.s","hapc.s","sws.d","hapc.d","simnumber"
0.231481481481481,0.634259259259259,0.356481481481481,0.893518518518518,0.643518518518518,0.74537037037037,0.00996830262156822,-0.017302009987993,1
0.310185185185185,0.740740740740741,0.601851851851852,0.921296296296296,0.708333333333333,0.787037037037037,0.0251733307181415,-0.00187403021149929,2
